,won,games,max stake,% won
0,False,15,8000.0,33.0
1,False,20,4000.0,40.0
2,False,15,7000.0,47.0
3,False,16,4000.0,31.0
4,True,15,4000.0,67.0
5,False,16,4000.0,38.0
6,False,5,4000.0,20.0
7,True,21,8000.0,48.0
8,False,7,4000.0,14.000000000000002
9,False,11,7000.0,36.0
10,True,18,4000.0,56.00000000000001
11,True,20,8000.0,50.0
12,False,15,5000.0,40.0
13,True,18,4000.0,56.00000000000001
14,False,7,4000.0,14.000000000000002
15,True,16,4000.0,62.0
16,True,16,8000.0,62.0
17,False,4,4000.0,0.0
18,False,7,4000.0,14.000000000000002
19,True,16,8000.0,62.0
20,True,29,5000.0,59.0
21,False,8,7000.0,50.0
22,True,16,8000.0,62.0
23,True,18,8000.0,56.00000000000001
24,False,5,4000.0,20.0
25,False,24,8000.0,42.0
26,True,17,8000.0,59.0
27,True,13,4000.0,77.0
28,False,7,6000.0,43.0
29,False,25,8000.0,40.0
30,False,22,8000.0,45.0
31,False,17,8000.0,41.0
32,True,22,8000.0,45.0
33,True,17,4000.0,59.0
34,True,16,4000.0,62.0
35,False,12,5000.0,42.0
36,True,17,8000.0,59.0
37,False,4,4000.0,0.0
38,True,24,5000.0,54.0
39,False,9,7000.0,44.0
40,False,12,8000.0,42.0
41,False,4,4000.0,0.0
42,False,5,4000.0,20.0
43,False,4,4000.0,0.0
44,False,24,8000.0,50.0
45,True,18,4000.0,56.00000000000001
46,False,22,8000.0,41.0
47,True,15,4000.0,67.0
48,True,13,4000.0,77.0
49,False,4,4000.0,0.0
50,True,16,2000.0,62.0
51,True,15,2000.0,67.0
52,False,8,6000.0,38.0
53,False,7,5000.0,28.999999999999996
54,False,17,4000.0,35.0
55,True,21,8000.0,48.0
56,False,6,4000.0,17.0
57,True,18,8000.0,56.00000000000001
58,False,11,4000.0,27.0
59,True,19,8000.0,53.0
60,False,6,4000.0,17.0
61,False,8,6000.0,38.0
62,True,11,2000.0,91.0
63,False,6,5000.0,33.0
64,True,24,8000.0,57.99999999999999
65,False,33,4000.0,33.0
66,False,8,6000.0,38.0
67,False,7,5000.0,28.999999999999996
68,True,18,8000.0,56.00000000000001
69,False,20,4000.0,35.0
70,True,13,2000.0,77.0
71,False,17,8000.0,35.0
72,True,17,8000.0,59.0
73,False,15,8000.0,33.0
74,False,16,5000.0,31.0
75,False,16,8000.0,38.0
76,True,14,2000.0,71.0
77,True,16,4000.0,62.0
78,True,31,5000.0,55.00000000000001
79,False,20,8000.0,50.0
80,False,9,4000.0,22.0
81,True,19,8000.0,53.0
82,False,6,5000.0,33.0
83,False,12,4000.0,33.0
84,False,26,8000.0,46.0
85,False,7,4000.0,14.000000000000002
86,False,4,4000.0,0.0
87,False,4,4000.0,0.0
88,False,39,8000.0,51.0
89,True,16,4000.0,62.0
90,False,24,8000.0,50.0
91,False,12,6000.0,25.0
92,False,6,4000.0,17.0
93,True,24,8000.0,42.0
94,False,40,8000.0,50.0
95,True,19,4000.0,53.0
96,True,22,7000.0,50.0
97,False,17,8000.0,41.0
98,False,4,4000.0,0.0
99,True,26,8000.0,46.0
100,True,14,2000.0,71.0
101,True,18,4000.0,56.00000000000001
102,False,6,5000.0,33.0
103,False,10,7000.0,40.0
104,False,4,4000.0,0.0
105,False,4,4000.0,0.0
106,False,4,4000.0,0.0
107,False,22,8000.0,41.0
108,False,10,7000.0,40.0
109,False,7,4000.0,14.000000000000002
110,True,21,4000.0,48.0
111,False,15,5000.0,27.0
112,False,12,7000.0,33.0
113,True,20,4000.0,50.0
114,True,18,7000.0,61.0
115,False,11,4000.0,27.0
116,True,13,2000.0,77.0
117,True,18,8000.0,56.00000000000001
118,True,17,4000.0,59.0
119,False,7,6000.0,43.0
120,False,9,7000.0,44.0
121,True,27,8000.0,52.0
122,False,9,6000.0,33.0
123,True,19,4000.0,53.0
124,True,15,4000.0,67.0
125,True,18,4000.0,56.00000000000001
126,False,10,7000.0,40.0
127,False,22,7000.0,41.0
128,True,18,8000.0,56.00000000000001
129,False,11,8000.0,45.0
130,True,22,8000.0,45.0
131,True,13,4000.0,77.0
132,True,19,7000.0,57.99999999999999
133,False,6,5000.0,33.0
134,False,11,4000.0,27.0
135,False,17,6000.0,35.0
136,True,18,8000.0,56.00000000000001
137,False,14,8000.0,43.0
138,True,15,4000.0,67.0
139,False,31,8000.0,52.0
140,False,4,4000.0,0.0
141,True,20,8000.0,50.0
142,True,21,4000.0,48.0
143,False,8,5000.0,25.0
144,False,15,8000.0,33.0
145,True,30,4000.0,50.0
146,False,8,6000.0,38.0
147,True,16,4000.0,62.0
148,True,15,2000.0,67.0
149,False,13,5000.0,31.0
150,True,17,8000.0,59.0
151,True,20,6000.0,60.0
152,True,15,8000.0,67.0
153,True,16,4000.0,62.0
154,True,23,7000.0,56.99999999999999
155,False,6,5000.0,33.0
156,True,19,8000.0,53.0
157,True,12,4000.0,83.0
158,False,8,7000.0,50.0
159,False,8,6000.0,38.0
160,False,4,4000.0,0.0
161,False,13,8000.0,46.0
162,True,14,4000.0,71.0
163,True,15,4000.0,67.0
164,True,19,4000.0,53.0
165,False,9,6000.0,33.0
166,False,15,8000.0,40.0
167,False,4,4000.0,0.0
168,True,14,4000.0,71.0
169,True,11,2000.0,91.0
170,False,22,8000.0,45.0
171,False,9,6000.0,33.0
172,False,9,5000.0,22.0
173,False,35,4000.0,54.0
174,True,24,8000.0,46.0
175,True,17,4000.0,59.0
176,True,19,8000.0,57.99999999999999
177,True,19,4000.0,53.0
178,True,15,4000.0,67.0
179,True,16,4000.0,62.0
180,True,18,4000.0,56.00000000000001
181,True,19,4000.0,53.0
182,False,12,7000.0,33.0
183,True,14,2000.0,71.0
184,True,26,4000.0,57.99999999999999
185,False,6,4000.0,17.0
186,True,31,6000.0,48.0
187,False,9,6000.0,33.0
188,True,24,8000.0,62.0
189,True,21,8000.0,48.0
190,False,13,4000.0,46.0
191,False,4,4000.0,0.0
192,False,4,4000.0,0.0
193,False,33,6000.0,36.0
194,False,11,6000.0,27.0
195,True,15,4000.0,67.0
196,True,22,5000.0,59.0
197,True,31,8000.0,42.0
198,False,11,6000.0,27.0
199,False,15,5000.0,33.0
200,True,22,6000.0,55.00000000000001
201,False,10,8000.0,50.0
202,True,21,8000.0,48.0
203,False,19,8000.0,47.0
204,True,14,2000.0,71.0
205,True,22,8000.0,50.0
206,False,16,4000.0,31.0
207,True,13,2000.0,77.0
208,True,22,8000.0,45.0
209,False,12,4000.0,33.0
210,False,9,6000.0,33.0
211,True,19,8000.0,53.0
212,False,4,4000.0,0.0
213,False,12,4000.0,25.0
214,True,19,8000.0,53.0
215,True,15,2000.0,67.0
216,False,26,8000.0,38.0
217,False,7,5000.0,28.999999999999996
218,False,7,5000.0,28.999999999999996
219,True,27,6000.0,56.00000000000001
220,True,16,4000.0,62.0
221,False,18,8000.0,44.0
222,True,20,4000.0,50.0
223,True,19,4000.0,53.0
224,False,12,8000.0,42.0
225,False,14,8000.0,43.0
226,True,19,4000.0,53.0
227,False,24,8000.0,38.0
228,True,19,4000.0,53.0
229,True,17,4000.0,59.0
230,True,16,4000.0,62.0
231,True,35,8000.0,63.0
232,False,5,4000.0,20.0
233,False,9,6000.0,33.0
234,False,11,8000.0,45.0
235,True,15,4000.0,67.0
236,True,18,4000.0,56.00000000000001
237,False,47,8000.0,47.0
238,False,13,8000.0,38.0
239,False,29,8000.0,41.0
240,True,15,4000.0,67.0
241,False,11,4000.0,36.0
242,True,19,4000.0,53.0
243,True,19,8000.0,53.0
244,False,9,6000.0,33.0
245,True,14,2000.0,71.0
246,False,40,8000.0,47.0
247,True,31,8000.0,52.0
248,True,30,4000.0,50.0
249,True,34,6000.0,44.0
250,False,12,7000.0,33.0
251,False,26,8000.0,46.0
252,False,9,7000.0,44.0
253,False,17,6000.0,28.999999999999996
254,False,6,4000.0,17.0
255,True,27,8000.0,48.0
256,True,14,2000.0,71.0
257,False,7,5000.0,28.999999999999996
258,False,33,8000.0,52.0
259,False,5,4000.0,20.0
260,False,11,5000.0,36.0
261,False,7,4000.0,14.000000000000002
262,False,9,6000.0,33.0
263,False,21,8000.0,43.0
264,True,14,4000.0,71.0
265,True,18,8000.0,56.00000000000001
266,True,18,7000.0,61.0
267,False,17,8000.0,41.0
268,True,15,8000.0,67.0
269,True,27,8000.0,48.0
270,False,26,8000.0,42.0
271,False,19,8000.0,37.0
272,False,34,8000.0,47.0
273,True,54,8000.0,50.0
274,False,20,8000.0,45.0
275,False,11,8000.0,45.0
276,False,15,4000.0,40.0
277,False,15,8000.0,53.0
278,True,23,5000.0,56.99999999999999
279,False,9,7000.0,44.0
280,True,17,4000.0,59.0
281,False,27,8000.0,52.0
282,False,20,6000.0,40.0
283,False,18,8000.0,44.0
284,False,5,4000.0,20.0
285,True,18,4000.0,56.00000000000001
286,False,4,4000.0,0.0
287,False,23,8000.0,39.0
288,False,9,6000.0,33.0
289,True,15,4000.0,67.0
290,True,22,6000.0,55.00000000000001
291,True,27,8000.0,44.0
292,True,21,8000.0,48.0
293,True,16,4000.0,62.0
294,True,32,8000.0,44.0
295,True,28,8000.0,46.0
296,False,24,8000.0,38.0
297,True,18,8000.0,56.00000000000001
298,True,19,4000.0,53.0
299,False,12,4000.0,42.0
300,True,18,8000.0,56.00000000000001
301,False,9,6000.0,33.0
302,True,20,8000.0,50.0
303,False,18,8000.0,50.0
304,True,15,8000.0,67.0
305,False,7,4000.0,14.000000000000002
306,True,19,6000.0,63.0
307,True,16,4000.0,62.0
308,False,36,8000.0,50.0
309,False,5,4000.0,20.0
310,False,4,4000.0,0.0
311,False,14,8000.0,36.0
312,True,20,8000.0,50.0
313,True,22,8000.0,45.0
314,False,15,8000.0,47.0
315,False,20,8000.0,30.0
316,True,18,4000.0,56.00000000000001
317,True,43,8000.0,53.0
318,False,7,6000.0,43.0
319,False,4,4000.0,0.0
320,False,20,8000.0,40.0
321,True,24,6000.0,50.0
322,True,44,8000.0,59.0
323,True,17,8000.0,59.0
324,False,20,4000.0,30.0
325,True,15,2000.0,67.0
326,False,4,4000.0,0.0
327,False,6,5000.0,33.0
328,True,16,4000.0,62.0
329,False,7,5000.0,28.999999999999996
330,False,19,6000.0,42.0
331,True,17,8000.0,59.0
332,True,25,4000.0,56.00000000000001
333,True,21,6000.0,56.99999999999999
334,True,19,6000.0,63.0
335,False,4,4000.0,0.0
336,False,7,4000.0,14.000000000000002
337,False,28,8000.0,50.0
338,False,9,4000.0,22.0
339,False,8,7000.0,50.0
340,False,16,8000.0,44.0
341,False,10,8000.0,50.0
342,False,4,4000.0,0.0
343,True,15,4000.0,67.0
344,True,16,8000.0,62.0
345,True,19,4000.0,53.0
346,True,21,8000.0,48.0
347,False,24,8000.0,42.0
348,False,10,4000.0,20.0
349,True,26,8000.0,50.0
350,False,15,8000.0,53.0
351,False,4,4000.0,0.0
352,True,17,7000.0,65.0
353,True,32,4000.0,56.00000000000001
354,False,10,5000.0,30.0
355,False,11,4000.0,27.0
356,True,17,2000.0,59.0
357,False,12,8000.0,42.0
358,False,4,4000.0,0.0
359,False,13,7000.0,31.0
360,True,58,8000.0,53.0
361,False,15,8000.0,47.0
362,True,17,4000.0,59.0
363,False,14,6000.0,36.0
364,False,8,5000.0,25.0
365,True,19,8000.0,53.0
366,False,9,7000.0,44.0
367,False,4,4000.0,0.0
368,True,29,4000.0,55.00000000000001
369,False,13,8000.0,46.0
370,True,18,4000.0,56.00000000000001
371,False,10,5000.0,20.0
372,False,36,8000.0,44.0
373,True,23,8000.0,48.0
374,True,18,4000.0,56.00000000000001
375,False,9,7000.0,44.0
376,True,22,8000.0,64.0
377,False,8,5000.0,25.0
378,False,16,5000.0,44.0
379,True,19,8000.0,53.0
380,False,9,7000.0,44.0
381,True,16,4000.0,62.0
382,False,22,8000.0,45.0
383,False,15,8000.0,47.0
384,False,4,4000.0,0.0
385,True,44,8000.0,50.0
386,False,7,6000.0,43.0
387,True,15,4000.0,67.0
388,True,16,4000.0,62.0
389,True,17,4000.0,59.0
390,False,8,6000.0,38.0
391,False,9,7000.0,44.0
392,True,19,4000.0,53.0
393,True,17,4000.0,59.0
394,False,47,8000.0,43.0
395,False,11,8000.0,45.0
396,False,7,6000.0,43.0
397,False,18,8000.0,50.0
398,True,31,7000.0,55.00000000000001
399,False,13,8000.0,46.0
400,False,26,7000.0,38.0
401,True,13,4000.0,77.0
402,True,18,8000.0,56.00000000000001
403,False,7,4000.0,14.000000000000002
404,True,27,4000.0,56.00000000000001
405,False,14,4000.0,28.999999999999996
406,True,14,2000.0,71.0
407,True,17,4000.0,59.0
408,True,16,4000.0,62.0
409,False,7,5000.0,28.999999999999996
410,True,16,4000.0,62.0
411,False,10,6000.0,30.0
412,False,21,8000.0,38.0
413,True,25,8000.0,40.0
414,False,14,4000.0,43.0
415,False,15,8000.0,40.0
416,False,4,4000.0,0.0
417,False,11,6000.0,27.0
418,True,24,7000.0,46.0
419,True,22,8000.0,50.0
420,True,14,4000.0,71.0
421,True,15,2000.0,67.0
422,False,18,8000.0,44.0
423,False,10,6000.0,30.0
424,False,4,4000.0,0.0
425,False,10,7000.0,40.0
426,False,44,8000.0,48.0
427,False,8,5000.0,25.0
428,False,9,6000.0,33.0
429,False,8,4000.0,25.0
430,True,26,8000.0,42.0
431,True,46,8000.0,50.0
432,True,18,4000.0,56.00000000000001
433,False,11,8000.0,55.00000000000001
434,True,14,4000.0,71.0
435,False,10,8000.0,50.0
436,True,15,8000.0,67.0
437,True,20,4000.0,50.0
438,False,11,5000.0,27.0
439,True,26,4000.0,57.99999999999999
440,False,22,8000.0,45.0
441,True,19,4000.0,53.0
442,True,14,4000.0,71.0
443,True,16,4000.0,62.0
444,False,9,6000.0,33.0
445,True,16,4000.0,62.0
446,True,18,8000.0,56.00000000000001
447,True,51,8000.0,47.0
448,False,11,7000.0,36.0
449,False,10,7000.0,40.0
450,True,15,2000.0,67.0
451,False,15,8000.0,40.0
452,False,8,6000.0,38.0
453,True,18,4000.0,56.00000000000001
454,False,20,7000.0,40.0
455,True,16,8000.0,62.0
456,True,17,4000.0,59.0
457,False,5,4000.0,20.0
458,True,17,4000.0,59.0
459,False,12,5000.0,33.0
460,False,22,8000.0,41.0
461,True,12,2000.0,83.0
462,False,19,8000.0,53.0
463,True,18,4000.0,56.00000000000001
464,True,15,2000.0,67.0
465,True,17,2000.0,59.0
466,False,10,8000.0,50.0
467,True,21,5000.0,62.0
468,True,21,8000.0,48.0
469,False,9,6000.0,33.0
470,True,14,2000.0,71.0
471,True,15,4000.0,67.0
472,False,14,4000.0,28.999999999999996
473,False,6,5000.0,33.0
474,False,21,8000.0,43.0
475,False,23,8000.0,48.0
476,False,10,7000.0,40.0
477,True,13,4000.0,77.0
478,False,14,8000.0,43.0
479,False,4,4000.0,0.0
480,False,7,6000.0,43.0
481,True,35,6000.0,51.0
482,False,15,7000.0,33.0
483,True,20,8000.0,50.0
484,False,15,4000.0,27.0
485,False,7,5000.0,28.999999999999996
486,True,18,4000.0,56.00000000000001
487,True,15,2000.0,67.0
488,True,20,4000.0,50.0
489,False,7,5000.0,28.999999999999996
490,False,6,5000.0,33.0
491,True,17,4000.0,59.0
492,True,11,2000.0,91.0
493,False,7,4000.0,14.000000000000002
494,False,4,4000.0,0.0
495,True,15,4000.0,67.0
496,True,20,8000.0,50.0
497,False,4,4000.0,0.0
498,False,5,4000.0,20.0
499,True,18,8000.0,56.00000000000001
500,True,17,6000.0,71.0
501,True,30,8000.0,47.0
502,True,18,4000.0,56.00000000000001
503,True,18,4000.0,56.00000000000001
504,False,21,8000.0,43.0
505,False,11,4000.0,27.0
506,True,45,8000.0,51.0
507,False,8,6000.0,38.0
508,True,20,8000.0,50.0
509,False,22,8000.0,50.0
510,True,16,8000.0,62.0
511,False,12,8000.0,50.0
512,True,15,4000.0,67.0
513,False,4,4000.0,0.0
514,False,23,8000.0,43.0
515,True,21,8000.0,48.0
516,False,26,8000.0,46.0
517,False,8,5000.0,25.0
518,True,13,4000.0,77.0
519,False,26,8000.0,42.0
520,False,21,8000.0,43.0
521,False,18,8000.0,33.0
522,True,17,4000.0,59.0
523,True,17,8000.0,59.0
524,True,19,5000.0,68.0
525,True,25,4000.0,56.00000000000001
526,True,17,4000.0,59.0
527,True,15,4000.0,67.0
528,False,7,4000.0,14.000000000000002
529,True,24,5000.0,54.0
530,False,27,8000.0,44.0
531,True,15,4000.0,67.0
532,True,17,4000.0,59.0
533,False,13,4000.0,23.0
534,False,10,7000.0,40.0
535,False,8,7000.0,50.0
536,False,14,4000.0,36.0
537,False,4,4000.0,0.0
538,True,16,4000.0,62.0
539,True,23,8000.0,48.0
540,False,9,4000.0,22.0
541,True,24,6000.0,50.0
542,False,21,4000.0,38.0
543,False,11,7000.0,36.0
544,True,17,4000.0,59.0
545,True,20,5000.0,65.0
546,True,23,5000.0,56.99999999999999
547,False,25,8000.0,36.0
548,True,16,4000.0,62.0
549,True,15,4000.0,67.0
550,True,23,8000.0,43.0
551,False,5,4000.0,20.0
552,False,8,6000.0,38.0
553,True,18,8000.0,56.00000000000001
554,False,22,8000.0,41.0
555,True,12,4000.0,83.0
556,True,19,8000.0,53.0
557,True,13,2000.0,77.0
558,False,11,7000.0,36.0
559,False,10,4000.0,20.0
560,True,13,2000.0,77.0
561,False,11,8000.0,45.0
562,True,19,4000.0,53.0
563,False,6,4000.0,17.0
564,True,16,2000.0,62.0
565,False,10,8000.0,50.0
566,True,16,4000.0,62.0
567,False,11,8000.0,55.00000000000001
568,True,19,8000.0,53.0
569,True,16,4000.0,62.0
570,False,8,6000.0,38.0
571,True,19,4000.0,53.0
572,False,7,6000.0,43.0
573,False,7,5000.0,28.999999999999996
574,False,5,4000.0,20.0
575,False,5,4000.0,20.0
576,False,4,4000.0,0.0
577,True,13,4000.0,77.0
578,False,26,8000.0,46.0
579,False,4,4000.0,0.0
580,False,23,8000.0,48.0
581,True,27,6000.0,56.00000000000001
582,False,10,7000.0,40.0
583,True,23,8000.0,43.0
584,False,23,8000.0,30.0
585,False,22,8000.0,41.0
586,True,12,2000.0,83.0
587,False,18,8000.0,39.0
588,False,23,8000.0,39.0
589,False,9,7000.0,44.0
590,True,13,2000.0,77.0
591,False,15,7000.0,40.0
592,True,17,4000.0,59.0
593,True,13,4000.0,77.0
594,False,6,5000.0,33.0
595,True,24,8000.0,50.0
596,False,17,5000.0,35.0
597,True,15,4000.0,67.0
598,True,21,8000.0,48.0
599,False,6,4000.0,17.0
600,True,16,4000.0,62.0
601,True,17,4000.0,59.0
602,False,4,4000.0,0.0
603,False,25,7000.0,36.0
604,True,14,8000.0,71.0
605,True,23,4000.0,43.0
606,True,19,4000.0,53.0
607,True,57,8000.0,53.0
608,True,35,4000.0,51.0
609,True,16,4000.0,62.0
610,True,16,4000.0,62.0
611,False,23,8000.0,43.0
612,True,18,4000.0,56.00000000000001
613,False,6,4000.0,17.0
614,True,20,8000.0,50.0
615,False,21,4000.0,48.0
616,True,39,8000.0,62.0
617,True,46,8000.0,54.0
618,True,14,2000.0,71.0
619,False,35,8000.0,49.0
620,True,29,7000.0,52.0
621,False,13,7000.0,31.0
622,False,5,4000.0,20.0
623,True,13,2000.0,77.0
624,False,6,5000.0,33.0
625,False,10,6000.0,30.0
626,False,20,8000.0,30.0
627,True,17,4000.0,59.0
628,False,4,4000.0,0.0
629,True,17,4000.0,59.0
630,False,7,5000.0,28.999999999999996
631,False,28,8000.0,46.0
632,True,12,2000.0,83.0
633,True,15,4000.0,67.0
634,False,15,5000.0,33.0
635,False,11,8000.0,45.0
636,True,15,4000.0,67.0
637,False,8,6000.0,38.0
638,True,23,8000.0,43.0
639,False,7,4000.0,14.000000000000002
640,True,21,4000.0,48.0
641,True,26,8000.0,50.0
642,True,17,4000.0,59.0
643,False,8,4000.0,25.0
644,True,17,4000.0,59.0
645,False,24,8000.0,42.0
646,False,7,5000.0,28.999999999999996
647,False,18,7000.0,33.0
648,True,26,8000.0,50.0
649,False,7,4000.0,14.000000000000002
650,True,22,6000.0,55.00000000000001
651,False,10,6000.0,30.0
652,False,15,8000.0,40.0
653,True,16,4000.0,62.0
654,False,8,5000.0,25.0
655,True,15,4000.0,67.0
656,False,11,7000.0,36.0
657,True,15,4000.0,67.0
658,True,17,4000.0,59.0
659,True,14,4000.0,71.0
660,False,4,4000.0,0.0
661,True,16,4000.0,62.0
662,True,16,4000.0,62.0
663,True,30,8000.0,40.0
664,False,4,4000.0,0.0
665,True,28,8000.0,43.0
666,False,18,8000.0,44.0
667,False,15,8000.0,53.0
668,True,14,4000.0,71.0
669,False,6,4000.0,17.0
670,True,14,4000.0,71.0
671,True,19,4000.0,53.0
672,True,16,8000.0,62.0
673,False,4,4000.0,0.0
674,True,14,2000.0,71.0
675,False,4,4000.0,0.0
676,False,17,8000.0,41.0
677,True,13,2000.0,77.0
678,True,16,4000.0,62.0
679,True,14,2000.0,71.0
680,False,6,5000.0,33.0
681,True,14,4000.0,71.0
682,True,17,4000.0,59.0
683,False,15,8000.0,53.0
684,True,28,8000.0,46.0
685,False,8,6000.0,38.0
686,False,22,5000.0,45.0
687,True,18,4000.0,56.00000000000001
688,True,38,8000.0,47.0
689,True,15,4000.0,67.0
690,True,21,8000.0,48.0
691,True,26,5000.0,50.0
692,False,17,4000.0,28.999999999999996
693,False,12,4000.0,33.0
694,False,6,4000.0,17.0
695,False,13,8000.0,38.0
696,False,9,6000.0,33.0
697,False,4,4000.0,0.0
698,False,7,6000.0,43.0
699,False,11,6000.0,27.0
700,False,17,8000.0,53.0
701,True,15,2000.0,67.0
702,False,18,8000.0,56.00000000000001
703,False,10,8000.0,50.0
704,False,4,4000.0,0.0
705,False,18,8000.0,39.0
706,False,38,8000.0,45.0
707,False,4,4000.0,0.0
708,True,21,8000.0,48.0
709,False,22,8000.0,36.0
710,False,15,8000.0,47.0
711,False,12,8000.0,42.0
712,False,4,4000.0,0.0
713,True,30,5000.0,43.0
714,False,13,8000.0,54.0
715,False,11,4000.0,27.0
716,False,25,7000.0,48.0
717,False,21,8000.0,43.0
718,True,22,8000.0,45.0
719,True,20,7000.0,55.00000000000001
720,False,14,4000.0,28.999999999999996
721,False,16,4000.0,25.0
722,True,25,5000.0,52.0
723,True,17,8000.0,59.0
724,False,9,4000.0,22.0
725,False,4,4000.0,0.0
726,True,24,6000.0,50.0
727,True,22,8000.0,55.00000000000001
728,True,22,6000.0,55.00000000000001
729,False,25,7000.0,44.0
730,False,14,8000.0,43.0
731,False,55,8000.0,49.0
732,True,16,4000.0,62.0
733,True,20,4000.0,50.0
734,False,11,7000.0,36.0
735,False,6,5000.0,33.0
736,False,19,7000.0,42.0
737,True,17,4000.0,59.0
738,True,20,8000.0,50.0
739,False,8,5000.0,25.0
740,False,15,7000.0,40.0
741,True,15,4000.0,67.0
742,True,23,8000.0,48.0
743,True,33,8000.0,67.0
744,False,23,5000.0,26.0
745,False,4,4000.0,0.0
746,False,20,8000.0,40.0
747,False,16,4000.0,25.0
748,False,7,5000.0,28.999999999999996
749,False,12,4000.0,33.0
750,False,4,4000.0,0.0
751,False,12,4000.0,25.0
752,False,11,6000.0,27.0
753,True,14,2000.0,71.0
754,True,24,4000.0,62.0
755,False,7,4000.0,14.000000000000002
756,False,4,4000.0,0.0
757,False,12,4000.0,33.0
758,True,19,4000.0,53.0
759,True,20,4000.0,50.0
760,True,15,4000.0,67.0
761,True,17,4000.0,59.0
762,True,14,8000.0,71.0
763,True,13,2000.0,77.0
764,True,12,4000.0,83.0
765,False,4,4000.0,0.0
766,True,12,2000.0,83.0
767,False,17,8000.0,35.0
768,True,19,8000.0,53.0
769,True,15,4000.0,67.0
770,True,15,8000.0,67.0
771,False,12,8000.0,42.0
772,True,24,8000.0,54.0
773,False,6,4000.0,17.0
774,False,7,6000.0,43.0
775,True,13,2000.0,77.0
776,False,4,4000.0,0.0
777,True,19,7000.0,57.99999999999999
778,True,16,8000.0,62.0
779,False,20,8000.0,45.0
780,False,14,8000.0,36.0
781,False,6,4000.0,17.0
782,True,18,8000.0,56.00000000000001
783,False,20,4000.0,35.0
784,False,8,5000.0,25.0
785,True,16,4000.0,62.0
786,True,16,4000.0,62.0
787,False,4,4000.0,0.0
788,False,19,8000.0,37.0
789,True,17,2000.0,59.0
790,False,15,8000.0,47.0
791,False,18,8000.0,33.0
792,True,18,4000.0,56.00000000000001
793,True,21,8000.0,48.0
794,False,38,8000.0,45.0
795,True,15,4000.0,67.0
796,True,21,4000.0,48.0
797,True,23,8000.0,43.0
798,True,15,8000.0,67.0
799,False,11,7000.0,36.0
800,True,18,4000.0,56.00000000000001
801,False,12,7000.0,33.0
802,False,28,8000.0,39.0
803,True,11,2000.0,91.0
804,False,6,4000.0,17.0
805,False,4,4000.0,0.0
806,True,20,7000.0,55.00000000000001
807,False,5,4000.0,20.0
808,True,21,5000.0,62.0
809,False,7,6000.0,43.0
810,False,13,6000.0,38.0
811,True,14,4000.0,71.0
812,False,4,4000.0,0.0
813,False,4,4000.0,0.0
814,True,13,4000.0,77.0
815,False,8,5000.0,25.0
816,False,12,4000.0,33.0
817,False,15,6000.0,33.0
818,True,16,4000.0,62.0
819,True,41,8000.0,59.0
820,True,16,4000.0,62.0
821,False,4,4000.0,0.0
822,True,20,4000.0,50.0
823,False,12,7000.0,33.0
824,True,14,4000.0,71.0
825,False,12,7000.0,33.0
826,False,13,8000.0,38.0
827,True,15,8000.0,67.0
828,True,38,8000.0,61.0
829,True,17,4000.0,59.0
830,True,17,8000.0,59.0
831,True,17,4000.0,59.0
832,True,26,8000.0,46.0
833,True,27,7000.0,41.0
834,True,17,8000.0,59.0
835,True,15,4000.0,67.0
836,False,14,6000.0,36.0
837,False,18,8000.0,50.0
838,True,13,4000.0,77.0
839,False,16,8000.0,50.0
840,False,4,4000.0,0.0
841,False,11,7000.0,36.0
842,True,14,2000.0,71.0
843,True,17,8000.0,59.0
844,True,15,2000.0,67.0
845,False,10,7000.0,40.0
846,False,10,8000.0,50.0
847,True,14,4000.0,71.0
848,False,12,4000.0,33.0
849,False,15,8000.0,40.0
850,False,25,4000.0,44.0
851,True,16,4000.0,62.0
852,True,16,8000.0,62.0
853,True,18,8000.0,56.00000000000001
854,True,17,4000.0,59.0
855,True,19,8000.0,53.0
856,True,15,8000.0,67.0
857,False,11,7000.0,36.0
858,True,18,7000.0,61.0
859,False,12,4000.0,42.0
860,True,20,4000.0,50.0
861,True,28,4000.0,54.0
862,True,16,2000.0,62.0
863,False,11,6000.0,27.0
864,False,7,5000.0,28.999999999999996
865,False,5,4000.0,20.0
866,True,25,7000.0,44.0
867,False,15,4000.0,40.0
868,True,16,4000.0,62.0
869,False,14,5000.0,36.0
870,True,15,2000.0,67.0
871,False,8,5000.0,25.0
872,True,14,4000.0,71.0
873,False,12,4000.0,42.0
874,False,7,6000.0,43.0
875,True,27,8000.0,52.0
876,False,11,8000.0,45.0
877,False,4,4000.0,0.0
878,False,10,6000.0,30.0
879,True,16,4000.0,62.0
880,False,4,4000.0,0.0
881,True,15,4000.0,67.0
882,True,17,4000.0,59.0
883,False,26,8000.0,42.0
884,True,17,4000.0,59.0
885,False,14,7000.0,28.999999999999996
886,True,14,4000.0,71.0
887,True,19,8000.0,53.0
888,True,11,2000.0,91.0
889,False,28,8000.0,46.0
890,True,23,6000.0,52.0
891,False,24,5000.0,33.0
892,False,4,4000.0,0.0
893,True,34,6000.0,47.0
894,False,8,5000.0,25.0
895,False,24,8000.0,42.0
896,True,19,4000.0,53.0
897,False,6,5000.0,33.0
898,False,11,4000.0,27.0
899,True,21,4000.0,48.0
900,False,5,4000.0,20.0
901,True,17,8000.0,59.0
902,False,4,4000.0,0.0
903,True,22,5000.0,59.0
904,False,11,8000.0,45.0
905,False,6,4000.0,17.0
906,True,13,2000.0,77.0
907,True,15,4000.0,67.0
908,False,20,4000.0,35.0
909,True,18,4000.0,56.00000000000001
910,True,16,4000.0,62.0
911,False,11,6000.0,36.0
912,False,4,4000.0,0.0
913,False,17,8000.0,41.0
914,False,15,4000.0,27.0
915,False,7,4000.0,14.000000000000002
916,False,14,8000.0,50.0
917,False,5,4000.0,20.0
918,True,19,8000.0,53.0
919,True,24,8000.0,46.0
920,False,7,5000.0,28.999999999999996
921,False,4,4000.0,0.0
922,True,25,7000.0,56.00000000000001
923,True,18,8000.0,56.00000000000001
924,False,16,8000.0,44.0
925,True,15,4000.0,67.0
926,False,15,6000.0,33.0
927,False,26,8000.0,50.0
928,True,18,4000.0,56.00000000000001
929,False,15,8000.0,40.0
930,True,19,4000.0,53.0
931,False,11,7000.0,36.0
932,True,17,4000.0,59.0
933,False,9,7000.0,44.0
934,False,4,4000.0,0.0
935,True,20,4000.0,50.0
936,False,4,4000.0,0.0
937,True,22,8000.0,45.0
938,True,18,4000.0,56.00000000000001
939,True,17,4000.0,59.0
940,True,16,4000.0,62.0
941,False,5,4000.0,20.0
942,False,5,4000.0,20.0
943,True,14,4000.0,71.0
944,True,16,4000.0,62.0
945,True,21,8000.0,48.0
946,True,19,8000.0,53.0
947,False,56,8000.0,48.0
948,False,11,7000.0,36.0
949,False,12,7000.0,42.0
950,True,16,2000.0,62.0
951,True,15,4000.0,67.0
952,False,4,4000.0,0.0
953,False,36,8000.0,39.0
954,True,11,2000.0,91.0
955,True,29,8000.0,52.0
956,True,38,8000.0,57.99999999999999
957,True,19,6000.0,63.0
958,False,4,4000.0,0.0
959,False,15,6000.0,40.0
960,True,16,4000.0,62.0
961,False,5,4000.0,20.0
962,False,19,8000.0,47.0
963,True,21,4000.0,48.0
964,True,17,4000.0,59.0
965,False,15,8000.0,47.0
966,True,10,0.0,100.0
967,False,4,4000.0,0.0
968,True,23,8000.0,61.0
969,False,13,8000.0,46.0
970,False,5,4000.0,20.0
971,True,20,8000.0,50.0
972,True,19,8000.0,53.0
973,False,6,4000.0,17.0
974,False,4,4000.0,0.0
975,False,11,8000.0,45.0
976,False,5,4000.0,20.0
977,True,31,4000.0,45.0
978,True,16,4000.0,62.0
979,False,4,4000.0,0.0
980,False,12,7000.0,33.0
981,True,16,4000.0,62.0
982,False,16,8000.0,38.0
983,True,15,4000.0,67.0
984,False,5,4000.0,20.0
985,False,10,7000.0,40.0
986,False,13,8000.0,38.0
987,False,24,8000.0,42.0
988,False,6,5000.0,33.0
989,True,16,4000.0,62.0
990,True,17,4000.0,59.0
991,False,17,6000.0,41.0
992,False,13,4000.0,31.0
993,True,20,5000.0,65.0
994,True,15,8000.0,67.0
995,True,18,8000.0,56.00000000000001
996,False,12,7000.0,33.0
997,False,17,8000.0,35.0
998,True,38,8000.0,57.99999999999999
999,True,12,2000.0,83.0
